{"cameraMode":{"drawMode":0,"name":"Shaded","section":"Shading Mode"},"sceneLighting":true,"audioPlay":false,"sceneViewState":{"showFog":true,"showMaterialUpdate":false,"showSkybox":true,"showFlares":true,"showImageEffects":true,"showParticleSystems":true,"showVisualEffectGraphs":true,"m_FxEnabled":true},"in2DMode":false,"pivot":{"x":3.1496834754943849,"y":-3.8829612731933595,"z":0.3761577606201172},"rotation":{"x":-0.5869176387786865,"y":-0.01044550258666277,"z":0.007573032286018133,"w":-0.8095389604568481},"size":52.18072509765625,"orthographic":false}